[
    { "nombre": "Goku", "ataque": 90, "defensa": 80, "velocidad": 10, "salud": 100 },
    { "nombre": "Vegeta", "ataque": 85, "defensa": 75, "velocidad": 9, "salud": 100 },
    { "nombre": "Yamsha", "ataque": 70, "defensa": 75, "velocidad": 8, "salud": 100 },
    { "nombre": "Krilin", "ataque": 75, "defensa": 80, "velocidad": 12, "salud": 100 },
    { "nombre": "Piccolo", "ataque": 80, "defensa": 85, "velocidad": 7, "salud": 100 },
    { "nombre": "Freezer", "ataque": 95, "defensa": 90, "velocidad": 6, "salud": 100 },
    { "nombre": "Cell", "ataque": 88, "defensa": 78, "velocidad": 11, "salud": 100 },
    { "nombre": "Bulma", "ataque": 60, "defensa": 70, "velocidad": 5, "salud": 100 },
    { "nombre": "Trunks", "ataque": 82, "defensa": 88, "velocidad": 9, "salud": 100 },
    { "nombre": "Gohan", "ataque": 78, "defensa": 85, "velocidad": 10, "salud": 100 }
]
  